merchant,amount,method,date,shared_account_id
CB PAUL BOULANGERIE MONGE,6.8,carte,2026-09-09,none
CB ZARA RIVOLI PARIS,42.5,carte,2026-09-09,none
CB BOULANGERIE MAISON LANDEMAINE,4.1,carte,2026-09-08,none
CB RESTAURANT LE TRISKELL PARIS,22.0,carte,2026-09-08,none
CB RESTAURANT LE TRISKELL PARIS,35.0,carte,2026-09-07,none
CB MONOPRIX BD ST GERMAIN,48.6,carte,2026-09-06,none
CB UGC CINE CITE LES HALLES,9.4,carte,2026-09-05,none
CB PAUL GARE DE LYON,5.2,carte,2026-09-04,none
PRLV SEPA FREE TELECOM FREEBOX FIBRE,39.99,prélèvement,2026-09-03,coloc_paris_01
CB BOULANGERIE MAISON LANDEMAINE,3.4,carte,2026-09-03,none
PRLV SEPA IMMOBILIER GESTION LOYER RIVOLI,650.0,prélèvement,2026-09-02,none
CB FRANPRIX RUE MONGE,34.03,carte,2026-09-02,none
CB LE NELSON PUB MONGE,15.28,carte,2026-09-02,none
CB MONOPRIX BD ST GERMAIN,41.5,carte,2026-09-01,none
CB RATP RECHARGE NAVIGO MENSUEL,86.4,carte,2026-09-01,none
CB MONOPRIX BD ST GERMAIN,35.8,carte,2026-08-31,none
CB FNAC CHATELET PARIS,23.05,carte,2026-08-31,none
CB FRANPRIX RUE MONGE,29.4,carte,2026-08-30,none
CB PAUL MONGE,5.28,carte,2026-08-29,none
VIR SEPA SALAIRE ALTERNANCE GRAPHISME,-1200.0,virement,2026-08-28,none
VIR SEPA REMB NAVIGO EMPLOYEUR,-43.2,virement,2026-08-28,none
CB MONOPRIX BD ST GERMAIN,46.2,carte,2026-08-27,none
CB UBER EATS PARIS,24.5,carte,2026-08-26,none
CB PAUL GARE,7.35,carte,2026-08-25,none
CB BOULANGERIE MAISON LANDEMAINE,3.8,carte,2026-08-24,none
CB LIDL PARIS 13 RUE TOLBIAC,28.5,carte,2026-08-22,none
CB UGC CINE CITE LES HALLES,9.4,carte,2026-08-22,none
CB RESTAURANT LE TRISKELL PARIS,32.5,carte,2026-08-21,none
CB FRANPRIX RUE MONGE COURSES COLOC,89.85,carte,2026-08-18,coloc_paris_01
CB ZARA RIVOLI PARIS,45.0,carte,2026-08-18,none
CB CARREFOUR CITY PARIS 05,38.6,carte,2026-08-17,none
CB BOULANGERIE MAISON LANDEMAINE,4.2,carte,2026-08-16,none
CB MONOPRIX BD ST GERMAIN,39.2,carte,2026-08-15,none
CB LIDL PARIS 13 COURSES COLOC,57.11,carte,2026-08-14,coloc_paris_01
CB NETFLIX ABONNEMENT MENSUEL,13.49,carte,2026-08-12,none
CB BOULANGERIE MAISON LANDEMAINE,3.9,carte,2026-08-12,none
CB ZARA RIVOLI PARIS,28.5,carte,2026-08-11,none
CB FNAC CHATELET PARIS,27.84,carte,2026-08-10,none
CB UGC CINE CITE LES HALLES,18.8,carte,2026-08-09,none
CB FRANPRIX RUE MONGE COURSES COLOC,66.58,carte,2026-08-06,coloc_paris_01
CB ZARA RIVOLI PARIS,29.39,carte,2026-08-06,none
CB PAUL GARE,5.82,carte,2026-08-05,none
PRLV SEPA FREE TELECOM FREEBOX FIBRE,39.99,prélèvement,2026-08-03,coloc_paris_01
CB MONOPRIX BD ST GERMAIN,35.0,carte,2026-08-03,none
PRLV SEPA IMMOBILIER GESTION LOYER RIVOLI,650.0,prélèvement,2026-08-02,none
CB DELIVEROO.FR PARIS,28.5,carte,2026-08-01,none
CB RATP RECHARGE NAVIGO MENSUEL,86.4,carte,2026-08-01,none
CB FRANPRIX RUE MONGE,32.4,carte,2026-07-30,none
CB BOULANGERIE MAISON LANDEMAINE,4.5,carte,2026-07-30,none
VIR SEPA SALAIRE ALTERNANCE GRAPHISME,-1200.0,virement,2026-07-28,none
VIR SEPA REMB NAVIGO EMPLOYEUR,-43.2,virement,2026-07-28,none
CB MONOPRIX BD ST GERMAIN,35.1,carte,2026-07-27,none
CB UGC CINE CITE LES HALLES,9.4,carte,2026-07-26,none
CB UBER EATS PARIS,26.8,carte,2026-07-25,none
CB FRANPRIX RUE MONGE,31.34,carte,2026-07-23,none
CB LE NELSON PUB MONGE,22.0,carte,2026-07-23,none
CB MONOPRIX BD ST GERMAIN,31.83,carte,2026-07-22,none
CB BOULANGERIE MAISON LANDEMAINE,4.1,carte,2026-07-22,none
CB UGC CINE CITE LES HALLES,9.4,carte,2026-07-19,none
CB UBER EATS PARIS,28.9,carte,2026-07-18,none
CB NETFLIX ABONNEMENT MENSUEL,13.49,carte,2026-07-12,none
CB FRANPRIX RUE MONGE COURSES COLOC,45.22,carte,2026-07-12,coloc_paris_01
CB BOULANGERIE MAISON LANDEMAINE,3.2,carte,2026-07-12,none
CB RESTAURANT LE TRISKELL PARIS,25.88,carte,2026-07-11,none
